name, age, city, email, bool
Grace Wood,28,Fivemuzaj,cannegpah@iruvacku.bw,false
Verna Henderson,40,Alemufaj,ukozav@odbohev.lc,true
Hester Woods,49,Ibiwidoj,bifib@vanemlug.ni,true
Jack Hicks,51,Azapacfaz,ki@bub.sk,true
Chester Underwood,28,Guhemmo,kufruesa@pe.se,true
Amelia Gilbert,45,Ruhanit,faghik@giodu.ga,false
Effie Leonard,19,Woulkuc,poedu@juhririv.us,true
John Mills,48,Naihzad,penhopen@jan.su,true
Nelle Stevenson,36,Megmoga,otofavrel@ho.sl,false
Ronnie Johnston,62,Jeronuhi,nud@iro.uy,true
Tyler Osborne,44,Cofahuh,bilelewa@messi.tp,false
Troy Holland,41,Akeboji,elnon@fe.lr,true
Antonio Clarke,21,Vamfinha,zicogveh@hi.md,false
Arthur Patton,59,Muwhedig,ewtotzum@lihcac.tc,false
Loretta Morrison,65,Cabuwan,widodseb@zauv.ch,true
Adele Rose,36,Hafgegve,ticanew@vuip.co.uk,false
Rosie Burgess,35,Usakobese,moz@kuvzuppa.hn,true
Cordelia Johnson,24,Huvavwet,atonaffa@emdacni.mm,true
Ella Lawson,21,Nelivso,ilufepe@uccobuf.ma,false
Adrian Robbins,40,Wucijo,cebsik@arasuzfo.td,false
Justin Horton,36,Veopomu,hadmi@rangu.gh,false
Mittie Lindsey,35,Rowkaloc,wifij@ceegouva.dk,true
Lucinda Sullivan,59,Geseta,ekosapok@fos.mc,true
Rena Riley,32,Baapepib,cureb@kokdeik.lu,true
Jeffrey Osborne,22,Rodjohak,salfih@fuzbenwu.kn,false
Eva Moran,51,Zemotiz,sucawa@isa.iq,true
Tillie McKinney,64,Kivuma,cumunepo@lofoto.si,false
May Fisher,60,Tausoela,sifjufo@naverve.id,true
Jeremiah Poole,18,Dujacpim,dufa@ozi.pg,true
Robert Vaughn,56,Dacojab,zih@tebnazep.pw,true
Emily Ruiz,24,Nebgetece,zi@vapuma.tt,false
Betty Williams,54,Sibtogzuh,aneto@nirom.tp,false
Daniel Rodriguez,58,Hedudniv,zellagop@bouhi.ls,false
Delia Underwood,33,Repuwaheb,kahko@moji.bf,false
Dominic Banks,42,Cemmaru,opihooma@aku.uk,false
Marcus Wong,34,Revvodtid,manejda@rencada.gi,false
Steve Carr,29,Awoguzreg,gam@nikkoj.sh,false
Betty Sparks,37,Kuvsomo,cetraila@birolu.tv,true
Ronald Dixon,62,Moititot,cibuto@gim.dz,false
May Schwartz,21,Vedobluv,uko@hoovaot.dm,false
Virginia Jennings,34,Guurtal,fezwicak@bocitufi.gb,true
Alma Larson,37,Vazjema,libca@liop.au,true
Christina Delgado,26,Zokcauk,viherim@amakawcu.se,false
Ruby Hunter,49,Gozohem,peha@oz.ba,false
Nora Foster,24,Tocnuho,fo@ka.ua,false
Theresa Hudson,51,Kewocja,sil@kimodho.cu,true
Travis Powell,39,Reraip,ezuwah@lobobbij.ro,false
Barry Andrews,49,Agubeno,uvbeok@pedfedfof.bn,false
Victor Pratt,22,Deduduup,uc@amove.sx,true
Georgia Figueroa,26,Wafeko,nuvusro@ar.er,false
Ollie Ruiz,26,Fisibga,zujoalo@dobale.ki,false
Brett Carson,47,Powuhdov,kabji@mesnen.gs,true
Jennie Sims,21,Biihdu,sul@bajijmu.va,false
Jeremy Hall,28,Ugedkok,juh@ze.ir,false
Amanda Herrera,58,Padipo,nej@wog.cv,false
Richard Holmes,36,Vafetzer,sev@hi.eg,false
Julia McBride,54,Cummuju,kuglawu@tug.ma,false
Inez Phelps,63,Mikwowbi,wejoca@onpicus.bv,false
Amelia Bishop,62,Hahgahop,ughonuf@jorum.to,true
Polly Robbins,18,Mafkenbeb,kec@izejuku.be,false
Alan Mitchell,31,Nekejujoh,dapzavfe@noce.ie,false
Tyler Aguilar,19,Loljueru,oku@firi.nf,false
Harry Nguyen,63,Vacofpid,ke@jokuh.bb,false
Marian Lopez,58,Efavolda,raduf@de.sk,true
Leila Copeland,34,Wigovu,efe@mok.td,false
George Lee,37,Bihujuw,bahkad@doret.eh,false
Sara Arnold,36,Hiipfo,sezow@et.tl,false
Juan Hopkins,27,Rachatdej,jevwolab@macfobwic.kp,true
Benjamin Swanson,51,Tojcuvet,makav@dikogov.ua,true
Randall Warner,19,Isoivdar,fo@ugoda.af,false
Evan Burns,24,Okougga,mifmuc@jen.pl,false
Fanny Mason,30,Kevigfa,se@ne.mz,true
Angel Ramirez,28,Ektemsub,pic@pef.nr,true
Tony Douglas,43,Ubcilag,bi@cunsigdem.li,true
Larry Wallace,23,Pepuzo,zu@sevosiko.bs,false
Owen Rivera,46,Seghijto,zehehu@fijavluv.mr,true
Darrell Baldwin,45,Zemuca,fosedu@verlobze.ma,false
Clyde Reed,41,Rozrivzi,we@ku.net,false
Hettie Gonzalez,18,Hibalal,akofal@zodde.ps,true
Jeremiah Hamilton,18,Nabehado,nic@verosle.tk,true
Philip Simmons,45,Zazhute,pi@febjuobe.gh,false
Glen Park,18,Sazapdac,kakojek@mifvu.bt,true
Cole Holloway,19,Virpelo,lumhe@zuruhobas.cw,false
Katherine Sherman,41,Kupoco,imutese@huj.za,true
Adam Hines,27,Holewmos,hizamikig@de.gd,false
Lida Zimmerman,26,Natganil,ziffav@degigvo.hn,true
Alejandro Herrera,27,Ivinepsu,uludowuk@fugiv.td,true
Carolyn Shaw,44,Gailujo,apnaw@kufida.bs,true
Anne Chandler,49,Simuhzap,kadehbug@luon.je,true
Sara Obrien,46,Zoroda,ovze@tul.gi,false
Jacob Jimenez,50,Fibocav,mobek@mis.gg,true
Margaret Warren,53,Vawkokom,hohe@visovi.mu,true
Amanda Nguyen,55,Canejup,doliwu@oda.km,true
Aiden Moody,27,Rulfedfav,gilan@nawu.km,false
Julian Ingram,25,Jakkiwzi,diupgim@ati.fo,false
Roxie Montgomery,33,Egmoge,vetelgob@pe.it,false
Calvin Moody,21,Irurevok,do@ozoubi.be,true
Bertie Mullins,48,Becobgu,sokoob@hepa.mg,true
Elijah Rice,46,Avuziwu,cepicoz@dudavi.lu,true
Larry Barber,25,Fuvavbe,uli@dabtodhi.td,false
